#ID,first_name,last_name,email
1,John,Doe,john-doe@bogusemail.com
2,Mary,Smith-Robinson,maryjacobs@bogusemail.com
3,Dave,Smith,davesmith@bogusemail.com
4,Jane,Stuart,janestuart@bogusemail.com
5,Tom,Wright,tomwright@bogusemail.com
6,Steve,Robinson,steverobinson@bogusemail.com
7,Nicole,Jacobs,nicolejacobs@bogusemail.com
8,Jane,Wright,janewright@bogusemail.com
9,Jane,Doe,janedoe@bogusemail.com
10,Kurt,Wright,kurtwright@bogusemail.com
11,Kurt,Robinson,kurtrobinson@bogusemail.com
12,Jane,Jenkins,janejenkins@bogusemail.com
13,Neil,Robinson,neilrobinson@bogusemail.com
14,Tom,Patterson,tompatterson@bogusemail.com
15,Sam,Jenkins,samjenkins@bogusemail.com
16,Steve,Stuart,stevestuart@bogusemail.com
17,Maggie,Patterson,maggiepatterson@bogusemail.com
18,Maggie,Stuart,maggiestuart@bogusemail.com
19,Jane,Doe,janedoe@bogusemail.com
20,Steve,Patterson,stevepatterson@bogusemail.com
21,Dave,Smith,davesmith@bogusemail.com
22,Sam,Wilks,samwilks@bogusemail.com
23,Kurt,Jefferson,kurtjefferson@bogusemail.com
24,Sam,Stuart,samstuart@bogusemail.com
25,Jane,Stuart,janestuart@bogusemail.com
26,Dave,Davis,davedavis@bogusemail.com
27,Sam,Patterson,sampatterson@bogusemail.com
28,Tom,Jefferson,tomjefferson@bogusemail.com
29,Jane,Stuart,janestuart@bogusemail.com
30,Maggie,Jefferson,maggiejefferson@bogusemail.com
31,Mary,Wilks,marywilks@bogusemail.com
32,Neil,Patterson,neilpatterson@bogusemail.com
33,Corey,Davis,coreydavis@bogusemail.com
34,Steve,Jacobs,stevejacobs@bogusemail.com
35,Jane,Jenkins,janejenkins@bogusemail.com
36,John,Jacobs,johnjacobs@bogusemail.com
37,Neil,Smith,neilsmith@bogusemail.com
38,Corey,Wilks,coreywilks@bogusemail.com
39,Corey,Smith,coreysmith@bogusemail.com
40,Mary,Patterson,marypatterson@bogusemail.com
41,Jane,Stuart,janestuart@bogusemail.com
42,Travis,Arnold,travisarnold@bogusemail.com
43,John,Robinson,johnrobinson@bogusemail.com
44,Travis,Arnold,travisarnold@bogusemail.com
#END,,,
